Id,FirstName,LastName,Email,State,Location
1,Charlie,Bennett,c.bennett@randatmail.com,Male,Cook
2,Ryan,Cooper,r.cooper@randatmail.com,Male,Baker
3,Stuart,Tucker,s.tucker@randatmail.com,Male,Fashion Designer
4,Aldus,Casey,a.casey@randatmail.com,Male,Chef
5,Melanie,Johnston,m.johnston@randatmail.com,Female,Cook
6,Rafael,Hawkins,r.hawkins@randatmail.com,Male,Chemist
7,Henry,Hamilton,h.hamilton@randatmail.com,Male,Auditor
8,Jordan,Fowler,j.fowler@randatmail.com,Male,Pharmacist
9,Carlos,Baker,c.baker@randatmail.com,Male,Fine Artist
10,Joyce,Elliott,j.elliott@randatmail.com,Female,Astronomer
11,Aiden,Morgan,a.morgan@randatmail.com,Male,Interpreter
12,David,Myers,d.myers@randatmail.com,Male,Photographer
13,Edward,Tucker,e.tucker@randatmail.com,Male,Archeologist
14,Dainton,Barrett,d.barrett@randatmail.com,Male,Medic
15,Antony,Smith,a.smith@randatmail.com,Male,Manager
16,Maria,Lloyd,m.lloyd@randatmail.com,Female,Singer
17,Gianna,Davis,g.davis@randatmail.com,Female,Carpenter
18,Albert,Hawkins,a.hawkins@randatmail.com,Male,Teacher
19,Thomas,Armstrong,t.armstrong@randatmail.com,Male,Scientist
20,Jacob,Clark,j.clark@randatmail.com,Male,Auditor
21,Blake,Fowler,b.fowler@randatmail.com,Male,Producer
22,Daisy,Foster,d.foster@randatmail.com,Female,Journalist
23,Amber,Hawkins,a.hawkins@randatmail.com,Female,Biochemist
24,Carina,Russell,c.russell@randatmail.com,Female,Medic
25,Adam,Crawford,a.crawford@randatmail.com,Male,Economist
26,Myra,Miller,m.miller@randatmail.com,Female,Biochemist
27,Dominik,Cooper,d.cooper@randatmail.com,Male,Auditor
28,Ashton,Warren,a.warren@randatmail.com,Male,Firefighter
29,Ted,Higgins,t.higgins@randatmail.com,Male,Insurer
30,Eddy,Barrett,e.barrett@randatmail.com,Male,Scientist
31,Aiden,Perkins,a.perkins@randatmail.com,Male,Programmer
32,Freddie,Phillips,f.phillips@randatmail.com,Male,Accountant
33,Maddie,Walker,m.walker@randatmail.com,Female,Agronomist
34,Byron,Payne,b.payne@randatmail.com,Male,Journalist
35,Dainton,Ferguson,d.ferguson@randatmail.com,Male,Economist
36,Lydia,Wilson,l.wilson@randatmail.com,Female,Manager
37,Elian,Rogers,e.rogers@randatmail.com,Male,Insurer
38,Vincent,Myers,v.myers@randatmail.com,Male,Driver
39,Alisa,Russell,a.russell@randatmail.com,Female,Veterinarian
40,Tyler,Barrett,t.barrett@randatmail.com,Male,Meteorologist
41,Frederick,Warren,f.warren@randatmail.com,Male,Fashion Designer
42,Albert,Bennett,a.bennett@randatmail.com,Male,Aeroplane Pilot
43,Haris,Kelly,h.kelly@randatmail.com,Male,Physicist
44,Alford,Martin,a.martin@randatmail.com,Male,Programmer
45,Freddie,Howard,f.howard@randatmail.com,Male,Fashion Designer
46,Lyndon,Perkins,l.perkins@randatmail.com,Male,Mechanic
47,Eleanor,Phillips,e.phillips@randatmail.com,Female,Historian
48,Max,Hawkins,m.hawkins@randatmail.com,Male,Manager
49,Chloe,Stevens,c.stevens@randatmail.com,Female,Agronomist
50,Natalie,Thompson,n.thompson@randatmail.com,Female,Fine Artist
51,Adison,Baker,a.baker@randatmail.com,Male,Architect
52,Darcy,Roberts,d.roberts@randatmail.com,Female,Insurer
53,Max,Harper,m.harper@randatmail.com,Male,Auditor
54,Ned,Rogers,n.rogers@randatmail.com,Male,Physicist
55,Daryl,Baker,d.baker@randatmail.com,Male,Aeroplane Pilot
56,Sophia,Grant,s.grant@randatmail.com,Female,Journalist
57,Fenton,Higgins,f.higgins@randatmail.com,Male,Manager
58,Jenna,Cameron,j.cameron@randatmail.com,Female,Lecturer
59,James,Brooks,j.brooks@randatmail.com,Male,Astronomer
60,Heather,Hawkins,h.hawkins@randatmail.com,Female,Carpenter
61,Annabella,Armstrong,a.armstrong@randatmail.com,Female,Lawer
62,Bruce,Ellis,b.ellis@randatmail.com,Male,Singer
63,Alexander,Anderson,a.anderson@randatmail.com,Male,Pharmacist
64,Oliver,Clark,o.clark@randatmail.com,Male,Interpreter
65,Kate,Carroll,k.carroll@randatmail.com,Female,Insurer
66,Lucy,Nelson,l.nelson@randatmail.com,Female,Florist
67,Sofia,Craig,s.craig@randatmail.com,Female,Physicist
68,Arianna,Russell,a.russell@randatmail.com,Female,Journalist
69,Kellan,Harper,k.harper@randatmail.com,Male,Jeweller
70,Amber,Gray,a.gray@randatmail.com,Female,Actor
71,Chester,Douglas,c.douglas@randatmail.com,Male,Programmer
72,Melanie,Riley,m.riley@randatmail.com,Female,Police Officer
73,Lyndon,West,l.west@randatmail.com,Male,Composer
74,Daryl,Edwards,d.edwards@randatmail.com,Male,Geologist
75,Eleanor,Foster,e.foster@randatmail.com,Female,Insurer
76,Carlos,Phillips,c.phillips@randatmail.com,Male,Producer
77,Maya,Murray,m.murray@randatmail.com,Female,Jeweller
78,Tyler,Douglas,t.douglas@randatmail.com,Male,Physicist
79,Adelaide,West,a.west@randatmail.com,Female,Firefighter
80,Luke,Mason,l.mason@randatmail.com,Male,Mathematician
81,Preston,Fowler,p.fowler@randatmail.com,Male,Veterinarian
82,Carina,Mitchell,c.mitchell@randatmail.com,Female,Economist
83,Sam,Cameron,s.cameron@randatmail.com,Male,Photographer
84,Briony,Evans,b.evans@randatmail.com,Female,Pharmacist
85,James,Stevens,j.stevens@randatmail.com,Male,Dancer
86,Penelope,Miller,p.miller@randatmail.com,Female,Fine Artist
87,James,Holmes,j.holmes@randatmail.com,Male,Aeroplane Pilot
88,Reid,Wright,r.wright@randatmail.com,Male,Physicist
89,Roman,Carroll,r.carroll@randatmail.com,Male,Biochemist
90,Carlos,Hall,c.hall@randatmail.com,Male,Photographer
91,Roland,Evans,r.evans@randatmail.com,Male,Geologist
92,Miranda,Crawford,m.crawford@randatmail.com,Female,Mathematician
93,Maximilian,Montgomery,m.montgomery@randatmail.com,Male,Manager
94,April,Campbell,a.campbell@randatmail.com,Female,Mechanic
95,Henry,Ross,h.ross@randatmail.com,Male,Producer
96,Harold,Andrews,h.andrews@randatmail.com,Male,Programmer
97,William,Carter,w.carter@randatmail.com,Male,Fine Artist
98,Reid,Rogers,r.rogers@randatmail.com,Male,Interior Designer
99,Miranda,Montgomery,m.montgomery@randatmail.com,Female,Interpreter
100,Julian,Williams,j.williams@randatmail.com,Male,Baker
101,Stella,Walker,s.walker@randatmail.com,Female,Producer
102,Maria,Carroll,m.carroll@randatmail.com,Female,Electrician
103,Savana,Carroll,s.carroll@randatmail.com,Female,Graphic Designer
104,Sophia,Walker,s.walker@randatmail.com,Female,Teacher
105,Naomi,Wells,n.wells@randatmail.com,Female,Fine Artist
106,Jenna,Perry,j.perry@randatmail.com,Female,Economist
107,Leonardo,Hill,l.hill@randatmail.com,Male,Photographer
108,Evelyn,Moore,e.moore@randatmail.com,Female,Botanist
109,Arianna,Myers,a.myers@randatmail.com,Female,Botanist
110,Grace,Johnson,g.johnson@randatmail.com,Female,Meteorologist
111,Luke,Sullivan,l.sullivan@randatmail.com,Male,Scientist
112,Walter,Brown,w.brown@randatmail.com,Male,Auditor
113,Daisy,Dixon,d.dixon@randatmail.com,Female,Jeweller
114,Thomas,Harrison,t.harrison@randatmail.com,Male,Singer
115,Annabella,Hill,a.hill@randatmail.com,Female,Botanist
116,Emily,Phillips,e.phillips@randatmail.com,Female,Chemist
117,Charlie,Dixon,c.dixon@randatmail.com,Male,Manager
118,Sabrina,Mason,s.mason@randatmail.com,Female,Geologist
119,Ada,Morrison,a.morrison@randatmail.com,Female,Carpenter
120,Vivian,Clark,v.clark@randatmail.com,Female,Photographer
121,Dominik,Sullivan,d.sullivan@randatmail.com,Male,Hairdresser
122,Charlotte,Russell,c.russell@randatmail.com,Female,Fine Artist
123,Fiona,Phillips,f.phillips@randatmail.com,Female,Interpreter
124,Edwin,Martin,e.martin@randatmail.com,Male,Pharmacist
125,Jordan,Johnson,j.johnson@randatmail.com,Male,Interpreter
126,Lydia,Hawkins,l.hawkins@randatmail.com,Female,Carpenter
127,Maria,Ellis,m.ellis@randatmail.com,Female,Electrician
128,Natalie,Brooks,n.brooks@randatmail.com,Female,Chemist
129,Rebecca,Hamilton,r.hamilton@randatmail.com,Female,Interior Designer
130,Dainton,Armstrong,d.armstrong@randatmail.com,Male,Teacher
131,Kelsey,Richards,k.richards@randatmail.com,Female,Astronomer
132,Abraham,Cole,a.cole@randatmail.com,Male,Jeweller
133,Leonardo,Henderson,l.henderson@randatmail.com,Male,Programmer
134,Charlotte,Harris,c.harris@randatmail.com,Female,Lawer
135,Connie,Martin,c.martin@randatmail.com,Female,Florist
136,Tara,Scott,t.scott@randatmail.com,Female,Lecturer
137,Amber,Douglas,a.douglas@randatmail.com,Female,Cook
138,Aldus,Holmes,a.holmes@randatmail.com,Male,Police Officer
139,Michael,Grant,m.grant@randatmail.com,Male,Actor
140,Leonardo,Evans,l.evans@randatmail.com,Male,Electrician
141,Byron,Clark,b.clark@randatmail.com,Male,Producer
142,Stuart,Harper,s.harper@randatmail.com,Male,Architect
143,Elian,Brown,e.brown@randatmail.com,Male,Florist
144,Connie,Kelley,c.kelley@randatmail.com,Female,Physicist
145,Darcy,Russell,d.russell@randatmail.com,Female,Manager
146,Michelle,Parker,m.parker@randatmail.com,Female,Teacher
147,Evelyn,Thomas,e.thomas@randatmail.com,Female,Jeweller
148,Rubie,Crawford,r.crawford@randatmail.com,Female,Auditor
149,Byron,Howard,b.howard@randatmail.com,Male,Baker
150,Andrew,Evans,a.evans@randatmail.com,Male,Scientist
151,Alford,Craig,a.craig@randatmail.com,Male,Geologist
152,Andrew,Casey,a.casey@randatmail.com,Male,Medic
153,Victor,Owens,v.owens@randatmail.com,Male,Scientist
154,Michelle,Cunningham,m.cunningham@randatmail.com,Female,Photographer
155,Vanessa,Gibson,v.gibson@randatmail.com,Female,Electrician
156,Alexia,Hall,a.hall@randatmail.com,Female,Hairdresser
157,Edgar,Taylor,e.taylor@randatmail.com,Male,Mechanic
158,Wilson,Riley,w.riley@randatmail.com,Male,Chemist
159,Alissa,Moore,a.moore@randatmail.com,Female,Interior Designer
160,Sarah,Harper,s.harper@randatmail.com,Female,Social Worker
161,Alfred,Parker,a.parker@randatmail.com,Male,Composer
162,Adison,Higgins,a.higgins@randatmail.com,Male,Dancer
163,Sienna,Brooks,s.brooks@randatmail.com,Female,Biochemist
164,Daisy,Moore,d.moore@randatmail.com,Female,Graphic Designer
165,Lucas,Elliott,l.elliott@randatmail.com,Male,Historian
166,John,West,j.west@randatmail.com,Male,Archeologist
167,Olivia,Alexander,o.alexander@randatmail.com,Female,Aeroplane Pilot
168,Sofia,Dixon,s.dixon@randatmail.com,Female,Mathematician
169,Sarah,Sullivan,s.sullivan@randatmail.com,Female,Fine Artist
170,Annabella,Thompson,a.thompson@randatmail.com,Female,Chemist
171,Tony,Spencer,t.spencer@randatmail.com,Male,Fine Artist
172,Tony,Armstrong,t.armstrong@randatmail.com,Male,Electrician
173,Chester,Campbell,c.campbell@randatmail.com,Male,Actor
174,Derek,Fowler,d.fowler@randatmail.com,Male,Manager
175,Dominik,Owens,d.owens@randatmail.com,Male,Journalist
176,Tiana,Harrison,t.harrison@randatmail.com,Female,Graphic Designer
177,Amy,Ellis,a.ellis@randatmail.com,Female,Teacher
178,Joyce,Payne,j.payne@randatmail.com,Female,Geologist
179,Blake,Spencer,b.spencer@randatmail.com,Male,Lecturer
180,Wilson,Johnson,w.johnson@randatmail.com,Male,Historian
181,Alfred,Edwards,a.edwards@randatmail.com,Male,Fine Artist
182,Adam,Stevens,a.stevens@randatmail.com,Male,Journalist
183,Bruce,Gray,b.gray@randatmail.com,Male,Cook
184,Henry,Tucker,h.tucker@randatmail.com,Male,Fashion Designer
185,Sawyer,Lloyd,s.lloyd@randatmail.com,Male,Electrician
186,Martin,Wells,m.wells@randatmail.com,Male,Medic
187,Savana,Rogers,s.rogers@randatmail.com,Female,Mathematician
188,Lilianna,Foster,l.foster@randatmail.com,Female,Physicist
189,Emma,Parker,e.parker@randatmail.com,Female,Composer
190,Michael,Harper,m.harper@randatmail.com,Male,Cook
191,Kimberly,Cunningham,k.cunningham@randatmail.com,Female,Florist
192,Caroline,Davis,c.davis@randatmail.com,Female,Journalist
193,Robert,Adams,r.adams@randatmail.com,Male,Botanist
194,Adrian,Mitchell,a.mitchell@randatmail.com,Male,Engineer
195,Lucy,Lloyd,l.lloyd@randatmail.com,Female,Journalist
196,Savana,Owens,s.owens@randatmail.com,Female,Jeweller
197,Cherry,Riley,c.riley@randatmail.com,Female,Social Worker
198,Luke,Hall,l.hall@randatmail.com,Male,Florist
199,Sam,Hall,s.hall@randatmail.com,Male,Insurer
200,Violet,Andrews,v.andrews@randatmail.com,Female,Insurer
201,Charlie,Bennett,c.bennett@randatmail.com,Male,Cook
202,Ryan,Cooper,r.cooper@randatmail.com,Male,Baker
203,Stuart,Tucker,s.tucker@randatmail.com,Male,Fashion Designer
204,Aldus,Casey,a.casey@randatmail.com,Male,Chef
205,Melanie,Johnston,m.johnston@randatmail.com,Female,Cook
206,Rafael,Hawkins,r.hawkins@randatmail.com,Male,Chemist
207,Henry,Hamilton,h.hamilton@randatmail.com,Male,Auditor
208,Jordan,Fowler,j.fowler@randatmail.com,Male,Pharmacist
209,Carlos,Baker,c.baker@randatmail.com,Male,Fine Artist
210,Joyce,Elliott,j.elliott@randatmail.com,Female,Astronomer
211,Aiden,Morgan,a.morgan@randatmail.com,Male,Interpreter
212,David,Myers,d.myers@randatmail.com,Male,Photographer
213,Edward,Tucker,e.tucker@randatmail.com,Male,Archeologist
214,Dainton,Barrett,d.barrett@randatmail.com,Male,Medic
215,Antony,Smith,a.smith@randatmail.com,Male,Manager
216,Maria,Lloyd,m.lloyd@randatmail.com,Female,Singer
217,Gianna,Davis,g.davis@randatmail.com,Female,Carpenter
218,Albert,Hawkins,a.hawkins@randatmail.com,Male,Teacher
219,Thomas,Armstrong,t.armstrong@randatmail.com,Male,Scientist
220,Jacob,Clark,j.clark@randatmail.com,Male,Auditor
221,Blake,Fowler,b.fowler@randatmail.com,Male,Producer
222,Daisy,Foster,d.foster@randatmail.com,Female,Journalist
223,Amber,Hawkins,a.hawkins@randatmail.com,Female,Biochemist
224,Carina,Russell,c.russell@randatmail.com,Female,Medic
225,Adam,Crawford,a.crawford@randatmail.com,Male,Economist
226,Myra,Miller,m.miller@randatmail.com,Female,Biochemist
227,Dominik,Cooper,d.cooper@randatmail.com,Male,Auditor
228,Ashton,Warren,a.warren@randatmail.com,Male,Firefighter
229,Ted,Higgins,t.higgins@randatmail.com,Male,Insurer
230,Eddy,Barrett,e.barrett@randatmail.com,Male,Scientist
231,Aiden,Perkins,a.perkins@randatmail.com,Male,Programmer
232,Freddie,Phillips,f.phillips@randatmail.com,Male,Accountant
233,Maddie,Walker,m.walker@randatmail.com,Female,Agronomist
234,Byron,Payne,b.payne@randatmail.com,Male,Journalist
235,Dainton,Ferguson,d.ferguson@randatmail.com,Male,Economist
236,Lydia,Wilson,l.wilson@randatmail.com,Female,Manager
237,Elian,Rogers,e.rogers@randatmail.com,Male,Insurer
238,Vincent,Myers,v.myers@randatmail.com,Male,Driver
239,Alisa,Russell,a.russell@randatmail.com,Female,Veterinarian
240,Tyler,Barrett,t.barrett@randatmail.com,Male,Meteorologist
241,Frederick,Warren,f.warren@randatmail.com,Male,Fashion Designer
242,Albert,Bennett,a.bennett@randatmail.com,Male,Aeroplane Pilot
243,Haris,Kelly,h.kelly@randatmail.com,Male,Physicist
244,Alford,Martin,a.martin@randatmail.com,Male,Programmer
245,Freddie,Howard,f.howard@randatmail.com,Male,Fashion Designer
246,Lyndon,Perkins,l.perkins@randatmail.com,Male,Mechanic
247,Eleanor,Phillips,e.phillips@randatmail.com,Female,Historian
248,Max,Hawkins,m.hawkins@randatmail.com,Male,Manager
249,Chloe,Stevens,c.stevens@randatmail.com,Female,Agronomist
250,Natalie,Thompson,n.thompson@randatmail.com,Female,Fine Artist
251,Adison,Baker,a.baker@randatmail.com,Male,Architect
252,Darcy,Roberts,d.roberts@randatmail.com,Female,Insurer
253,Max,Harper,m.harper@randatmail.com,Male,Auditor
254,Ned,Rogers,n.rogers@randatmail.com,Male,Physicist
255,Daryl,Baker,d.baker@randatmail.com,Male,Aeroplane Pilot
256,Sophia,Grant,s.grant@randatmail.com,Female,Journalist
257,Fenton,Higgins,f.higgins@randatmail.com,Male,Manager
258,Jenna,Cameron,j.cameron@randatmail.com,Female,Lecturer
259,James,Brooks,j.brooks@randatmail.com,Male,Astronomer
260,Heather,Hawkins,h.hawkins@randatmail.com,Female,Carpenter
261,Annabella,Armstrong,a.armstrong@randatmail.com,Female,Lawer
262,Bruce,Ellis,b.ellis@randatmail.com,Male,Singer
263,Alexander,Anderson,a.anderson@randatmail.com,Male,Pharmacist
264,Oliver,Clark,o.clark@randatmail.com,Male,Interpreter
265,Kate,Carroll,k.carroll@randatmail.com,Female,Insurer
266,Lucy,Nelson,l.nelson@randatmail.com,Female,Florist
267,Sofia,Craig,s.craig@randatmail.com,Female,Physicist
268,Arianna,Russell,a.russell@randatmail.com,Female,Journalist
269,Kellan,Harper,k.harper@randatmail.com,Male,Jeweller
270,Amber,Gray,a.gray@randatmail.com,Female,Actor
271,Chester,Douglas,c.douglas@randatmail.com,Male,Programmer
272,Melanie,Riley,m.riley@randatmail.com,Female,Police Officer
273,Lyndon,West,l.west@randatmail.com,Male,Composer
274,Daryl,Edwards,d.edwards@randatmail.com,Male,Geologist
275,Eleanor,Foster,e.foster@randatmail.com,Female,Insurer
276,Carlos,Phillips,c.phillips@randatmail.com,Male,Producer
277,Maya,Murray,m.murray@randatmail.com,Female,Jeweller
278,Tyler,Douglas,t.douglas@randatmail.com,Male,Physicist
279,Adelaide,West,a.west@randatmail.com,Female,Firefighter
280,Luke,Mason,l.mason@randatmail.com,Male,Mathematician
281,Preston,Fowler,p.fowler@randatmail.com,Male,Veterinarian
282,Carina,Mitchell,c.mitchell@randatmail.com,Female,Economist
283,Sam,Cameron,s.cameron@randatmail.com,Male,Photographer
284,Briony,Evans,b.evans@randatmail.com,Female,Pharmacist
285,James,Stevens,j.stevens@randatmail.com,Male,Dancer
286,Penelope,Miller,p.miller@randatmail.com,Female,Fine Artist
287,James,Holmes,j.holmes@randatmail.com,Male,Aeroplane Pilot
288,Reid,Wright,r.wright@randatmail.com,Male,Physicist
289,Roman,Carroll,r.carroll@randatmail.com,Male,Biochemist
290,Carlos,Hall,c.hall@randatmail.com,Male,Photographer
291,Roland,Evans,r.evans@randatmail.com,Male,Geologist
292,Miranda,Crawford,m.crawford@randatmail.com,Female,Mathematician
293,Maximilian,Montgomery,m.montgomery@randatmail.com,Male,Manager
294,April,Campbell,a.campbell@randatmail.com,Female,Mechanic
295,Henry,Ross,h.ross@randatmail.com,Male,Producer
296,Harold,Andrews,h.andrews@randatmail.com,Male,Programmer
297,William,Carter,w.carter@randatmail.com,Male,Fine Artist
298,Reid,Rogers,r.rogers@randatmail.com,Male,Interior Designer
299,Miranda,Montgomery,m.montgomery@randatmail.com,Female,Interpreter
300,Julian,Williams,j.williams@randatmail.com,Male,Baker
301,Stella,Walker,s.walker@randatmail.com,Female,Producer
302,Maria,Carroll,m.carroll@randatmail.com,Female,Electrician
303,Savana,Carroll,s.carroll@randatmail.com,Female,Graphic Designer
304,Sophia,Walker,s.walker@randatmail.com,Female,Teacher
305,Naomi,Wells,n.wells@randatmail.com,Female,Fine Artist
306,Jenna,Perry,j.perry@randatmail.com,Female,Economist
307,Leonardo,Hill,l.hill@randatmail.com,Male,Photographer
308,Evelyn,Moore,e.moore@randatmail.com,Female,Botanist
309,Arianna,Myers,a.myers@randatmail.com,Female,Botanist
310,Grace,Johnson,g.johnson@randatmail.com,Female,Meteorologist
311,Luke,Sullivan,l.sullivan@randatmail.com,Male,Scientist
312,Walter,Brown,w.brown@randatmail.com,Male,Auditor
313,Daisy,Dixon,d.dixon@randatmail.com,Female,Jeweller
314,Thomas,Harrison,t.harrison@randatmail.com,Male,Singer
315,Annabella,Hill,a.hill@randatmail.com,Female,Botanist
316,Emily,Phillips,e.phillips@randatmail.com,Female,Chemist
317,Charlie,Dixon,c.dixon@randatmail.com,Male,Manager
318,Sabrina,Mason,s.mason@randatmail.com,Female,Geologist
319,Ada,Morrison,a.morrison@randatmail.com,Female,Carpenter
320,Vivian,Clark,v.clark@randatmail.com,Female,Photographer
321,Dominik,Sullivan,d.sullivan@randatmail.com,Male,Hairdresser
322,Charlotte,Russell,c.russell@randatmail.com,Female,Fine Artist
323,Fiona,Phillips,f.phillips@randatmail.com,Female,Interpreter
324,Edwin,Martin,e.martin@randatmail.com,Male,Pharmacist
325,Jordan,Johnson,j.johnson@randatmail.com,Male,Interpreter
326,Lydia,Hawkins,l.hawkins@randatmail.com,Female,Carpenter
327,Maria,Ellis,m.ellis@randatmail.com,Female,Electrician
328,Natalie,Brooks,n.brooks@randatmail.com,Female,Chemist
329,Rebecca,Hamilton,r.hamilton@randatmail.com,Female,Interior Designer
330,Dainton,Armstrong,d.armstrong@randatmail.com,Male,Teacher
331,Kelsey,Richards,k.richards@randatmail.com,Female,Astronomer
332,Abraham,Cole,a.cole@randatmail.com,Male,Jeweller
333,Leonardo,Henderson,l.henderson@randatmail.com,Male,Programmer
334,Charlotte,Harris,c.harris@randatmail.com,Female,Lawer
335,Connie,Martin,c.martin@randatmail.com,Female,Florist
336,Tara,Scott,t.scott@randatmail.com,Female,Lecturer
337,Amber,Douglas,a.douglas@randatmail.com,Female,Cook
338,Aldus,Holmes,a.holmes@randatmail.com,Male,Police Officer
339,Michael,Grant,m.grant@randatmail.com,Male,Actor
340,Leonardo,Evans,l.evans@randatmail.com,Male,Electrician
341,Byron,Clark,b.clark@randatmail.com,Male,Producer
342,Stuart,Harper,s.harper@randatmail.com,Male,Architect
343,Elian,Brown,e.brown@randatmail.com,Male,Florist
344,Connie,Kelley,c.kelley@randatmail.com,Female,Physicist
345,Darcy,Russell,d.russell@randatmail.com,Female,Manager
346,Michelle,Parker,m.parker@randatmail.com,Female,Teacher
347,Evelyn,Thomas,e.thomas@randatmail.com,Female,Jeweller
348,Rubie,Crawford,r.crawford@randatmail.com,Female,Auditor
349,Byron,Howard,b.howard@randatmail.com,Male,Baker
350,Andrew,Evans,a.evans@randatmail.com,Male,Scientist
351,Alford,Craig,a.craig@randatmail.com,Male,Geologist
352,Andrew,Casey,a.casey@randatmail.com,Male,Medic
353,Victor,Owens,v.owens@randatmail.com,Male,Scientist
354,Michelle,Cunningham,m.cunningham@randatmail.com,Female,Photographer
355,Vanessa,Gibson,v.gibson@randatmail.com,Female,Electrician
356,Alexia,Hall,a.hall@randatmail.com,Female,Hairdresser
357,Edgar,Taylor,e.taylor@randatmail.com,Male,Mechanic
358,Wilson,Riley,w.riley@randatmail.com,Male,Chemist
359,Alissa,Moore,a.moore@randatmail.com,Female,Interior Designer
360,Sarah,Harper,s.harper@randatmail.com,Female,Social Worker
361,Alfred,Parker,a.parker@randatmail.com,Male,Composer
362,Adison,Higgins,a.higgins@randatmail.com,Male,Dancer
363,Sienna,Brooks,s.brooks@randatmail.com,Female,Biochemist
364,Daisy,Moore,d.moore@randatmail.com,Female,Graphic Designer
365,Lucas,Elliott,l.elliott@randatmail.com,Male,Historian
366,John,West,j.west@randatmail.com,Male,Archeologist
367,Olivia,Alexander,o.alexander@randatmail.com,Female,Aeroplane Pilot
368,Sofia,Dixon,s.dixon@randatmail.com,Female,Mathematician
369,Sarah,Sullivan,s.sullivan@randatmail.com,Female,Fine Artist
370,Annabella,Thompson,a.thompson@randatmail.com,Female,Chemist
371,Tony,Spencer,t.spencer@randatmail.com,Male,Fine Artist
372,Tony,Armstrong,t.armstrong@randatmail.com,Male,Electrician
373,Chester,Campbell,c.campbell@randatmail.com,Male,Actor
374,Derek,Fowler,d.fowler@randatmail.com,Male,Manager
375,Dominik,Owens,d.owens@randatmail.com,Male,Journalist
376,Tiana,Harrison,t.harrison@randatmail.com,Female,Graphic Designer
377,Amy,Ellis,a.ellis@randatmail.com,Female,Teacher
378,Joyce,Payne,j.payne@randatmail.com,Female,Geologist
379,Blake,Spencer,b.spencer@randatmail.com,Male,Lecturer
380,Wilson,Johnson,w.johnson@randatmail.com,Male,Historian
381,Alfred,Edwards,a.edwards@randatmail.com,Male,Fine Artist
382,Adam,Stevens,a.stevens@randatmail.com,Male,Journalist
383,Bruce,Gray,b.gray@randatmail.com,Male,Cook
384,Henry,Tucker,h.tucker@randatmail.com,Male,Fashion Designer
385,Sawyer,Lloyd,s.lloyd@randatmail.com,Male,Electrician
386,Martin,Wells,m.wells@randatmail.com,Male,Medic
387,Savana,Rogers,s.rogers@randatmail.com,Female,Mathematician
388,Lilianna,Foster,l.foster@randatmail.com,Female,Physicist
389,Emma,Parker,e.parker@randatmail.com,Female,Composer
390,Michael,Harper,m.harper@randatmail.com,Male,Cook
391,Kimberly,Cunningham,k.cunningham@randatmail.com,Female,Florist
392,Caroline,Davis,c.davis@randatmail.com,Female,Journalist
393,Robert,Adams,r.adams@randatmail.com,Male,Botanist
394,Adrian,Mitchell,a.mitchell@randatmail.com,Male,Engineer
395,Lucy,Lloyd,l.lloyd@randatmail.com,Female,Journalist
396,Savana,Owens,s.owens@randatmail.com,Female,Jeweller
397,Cherry,Riley,c.riley@randatmail.com,Female,Social Worker
398,Luke,Hall,l.hall@randatmail.com,Male,Florist
399,Sam,Hall,s.hall@randatmail.com,Male,Insurer
400,Violet,Andrews,v.andrews@randatmail.com,Female,Insurer
